Timestamp,name,reb,team,age,games_played,win,loose,minutes_played,points,field_goal_made,field_goal_attempted,three_made,three_attempted,free_made,free_attempted,of_r,df_r,assist,turnover,steals,block
12/08/2023 14:35:49,Jayson Tatum,649,BOS,25,74,52,22,2732.2,2225,727,1559,240,686,531,622,78,571,342,213,78,51
12/08/2023 14:36:29,Joel Embiid,670,PHI,29,66,43,23,2284.1,2183,728,1328,66,200,661,771,113,557,274,226,66,112
12/08/2023 14:37:09,Luka Doncic,569,DAL,24,66,33,33,2390.5,2138,719,1449,185,541,515,694,54,515,529,236,90,33
12/08/2023 14:37:49,Shai Gilgeous-Alexander,329,OKC,24,68,33,35,2416,2135,704,1381,58,168,669,739,59,270,371,192,112,65
12/08/2023 14:38:28,Giannis Antetokounmpo,742,MIL,28,63,47,16,2023.6,1959,707,1278,47,171,498,772,137,605,359,246,52,51
12/08/2023 14:39:09,Anthony Edwards,458,MIN,21,79,40,39,2841.5,1946,707,1541,213,578,319,422,47,411,350,259,125,58
12/08/2023 14:39:50,Julius Randle,767,NYK,28,77,44,33,2737.3,1936,658,1432,218,636,402,531,141,626,316,216,49,21
12/08/2023 14:40:31,Donovan Mitchell,289,CLE,26,68,44,24,2432.4,1922,679,1402,245,635,319,368,63,226,301,180,99,27
12/08/2023 14:41:10,Trae Young,217,ATL,24,73,38,35,2540.7,1914,597,1390,154,460,566,639,56,161,741,300,80,9
12/08/2023 14:41:51,Zach LaVine,345,CHI,28,77,38,39,2767.9,1913,673,1388,204,544,363,428,42,303,327,194,69,18
12/08/2023 14:42:31,Damian Lillard,277,POR,32,58,27,31,2106.6,1866,556,1202,244,658,510,558,44,233,425,191,50,18
12/08/2023 14:43:12,De'Aaron Fox,306,SAC,25,73,44,29,2435.2,1826,682,1331,119,367,343,440,40,266,447,181,83,23
12/08/2023 14:43:53,DeMar DeRozan,343,CHI,33,74,37,37,2681.6,1816,657,1303,46,142,456,523,34,309,377,153,83,36
12/08/2023 14:44:38,Jaylen Brown,459,BOS,26,67,46,21,2404.9,1784,679,1383,163,487,263,344,78,381,232,197,75,26
12/08/2023 14:45:23,Pascal Siakam,556,TOR,29,71,35,36,2652,1720,630,1313,93,287,367,474,131,425,415,169,65,36
12/08/2023 14:46:10,Lauri Markkanen,570,UTA,26,66,32,34,2272.5,1691,571,1144,200,510,349,399,130,440,123,127,42,38
12/08/2023 14:46:54,Nikola Jokic,817,DEN,28,69,48,21,2323,1690,646,1022,57,149,341,415,167,650,678,247,87,47
12/08/2023 14:47:39,Jalen Green,284,HOU,21,76,20,56,2602.2,1683,566,1359,187,554,364,463,43,241,281,200,59,18
12/08/2023 14:48:20,Jordan Poole,225,GSW,24,82,44,38,2458.1,1675,550,1278,214,637,361,415,32,193,369,252,63,21
12/08/2023 14:49:02,Mikal Bridges,364,BKN,26,83,42,41,2963.2,1671,593,1267,169,442,316,353,79,285,273,127,91,61
12/08/2023 14:49:44,Stephen Curry,341,GSW,35,56,30,26,1941.2,1648,559,1133,273,639,257,281,39,302,352,179,52,20
12/08/2023 14:50:26,Jalen Brunson,241,NYK,26,68,40,28,2378.7,1633,587,1195,134,322,325,392,40,201,421,142,61,15
12/08/2023 14:51:09,Kyrie Irving,304,DAL,31,60,32,28,2240.6,1623,594,1203,188,496,247,273,59,245,331,128,66,45
12/08/2023 14:51:51,Ja Morant,357,MEM,23,61,40,21,1948.3,1596,566,1214,92,300,372,497,61,296,493,206,66,16
12/08/2023 14:52:32,LeBron James,457,LAL,38,55,30,25,1953.9,1590,609,1219,121,377,251,327,65,392,375,178,50,32
12/08/2023 14:53:14,CJ McCollum,328,NOP,31,75,38,37,2649.2,1568,587,1344,211,543,183,238,55,273,429,183,70,38
12/08/2023 14:53:56,Bam Adebayo,688,MIA,25,75,40,35,2598,1529,602,1114,1,12,324,402,184,504,240,187,88,61
12/08/2023 14:54:39,Dejounte Murray,389,ATL,26,74,38,36,2693.4,1515,612,1319,133,387,158,190,53,336,448,160,112,19
12/08/2023 14:55:21,Domantas Sabonis,973,SAC,27,79,47,32,2735.6,1510,577,938,31,83,325,438,251,722,573,230,65,39
12/08/2023 14:56:04,Klay Thompson,286,GSW,33,69,38,31,2278.9,1509,546,1252,301,731,116,132,39,247,163,123,49,29
12/08/2023 14:56:46,Kristaps Porzingis,546,WAS,27,65,27,38,2119.5,1505,507,1018,137,356,354,416,114,432,174,137,58,100
12/08/2023 14:57:28,Darius Garland,185,CLE,23,69,40,29,2447.2,1490,522,1129,169,412,277,321,28,157,538,199,85,9
12/08/2023 14:58:10,Franz Wagner,329,ORL,21,80,33,47,2608.7,1485,542,1118,130,360,271,322,70,259,283,167,77,17
12/08/2023 14:58:52,Devin Booker,240,PHX,26,53,34,19,1835.4,1471,527,1067,111,316,306,358,46,194,293,145,51,18
12/08/2023 14:59:34,Jimmy Butler,375,MIA,33,64,35,29,2138,1466,479,888,36,103,472,555,141,234,340,101,117,21
12/08/2023 15:00:15,Anthony Davis,702,LAL,30,56,31,25,1904.5,1451,542,962,19,74,348,444,195,507,148,122,59,114
12/08/2023 15:00:57,Nikola Vucevic,903,CHI,32,82,40,42,2746.4,1447,597,1148,121,347,132,158,159,744,265,139,60,57
12/08/2023 15:01:39,Paolo Banchero,497,ORL,20,72,31,41,2429.7,1437,479,1122,85,285,394,534,84,413,269,200,60,39
12/08/2023 15:02:21,RJ Barrett,368,NYK,23,73,40,33,2475.5,1431,510,1176,121,390,290,392,60,308,201,164,31,15
12/08/2023 15:03:03,Keldon Johnson,318,SAS,23,63,17,46,2063.3,1385,503,1113,134,407,245,327,56,262,183,134,46,11
12/08/2023 15:03:45,Spencer Dinwiddie,270,BKN,30,79,41,38,2725.3,1369,460,1050,181,490,268,330,28,242,515,145,67,24
12/08/2023 15:04:26,Kevin Durant,313,PHX,34,47,34,13,1671.8,1366,483,862,93,230,307,334,17,296,235,156,34,67
12/08/2023 15:05:08,Kyle Kuzma,463,WAS,27,64,29,35,2238.9,1357,512,1142,160,481,173,237,55,408,239,190,36,29
12/08/2023 15:05:50,Tyler Herro,360,MIA,23,67,37,30,2335.4,1347,487,1109,203,537,170,182,27,333,280,158,51,16
12/08/2023 15:06:33,Buddy Hield,400,IND,30,80,35,45,2481.9,1344,475,1038,288,677,106,129,67,333,225,139,92,26
12/08/2023 15:07:15,Fred VanVleet,280,TOR,29,69,34,35,2535,1335,437,1112,207,606,254,283,30,250,495,140,123,38
12/08/2023 15:07:55,Paul George,342,LAC,33,56,32,24,1938.9,1332,459,1004,158,426,256,294,45,297,288,176,83,20
12/08/2023 15:08:37,Terry Rozier,259,CHA,29,63,19,44,2220.9,1329,493,1188,165,505,178,220,51,208,319,134,74,16
12/08/2023 15:09:20,Anfernee Simons,161,POR,24,62,27,35,2170.7,1306,467,1045,212,562,160,179,18,143,253,128,42,14
12/08/2023 15:10:02,Bennedict Mathurin,318,IND,21,78,33,45,2222.4,1302,413,951,100,310,376,454,87,231,116,152,48,13
12/08/2023 15:25:58,Jayson Tatum,649,BOS,25,74,52,22,2732.2,2225,727,1559,240,686,531,622,78,571,342,213,78,51
12/08/2023 15:26:41,Joel Embiid,670,PHI,29,66,43,23,2284.1,2183,728,1328,66,200,661,771,113,557,274,226,66,112
12/08/2023 15:27:23,Luka Doncic,569,DAL,24,66,33,33,2390.5,2138,719,1449,185,541,515,694,54,515,529,236,90,33
12/08/2023 15:28:06,Shai Gilgeous-Alexander,329,OKC,24,68,33,35,2416,2135,704,1381,58,168,669,739,59,270,371,192,112,65
12/08/2023 15:28:49,Giannis Antetokounmpo,742,MIL,28,63,47,16,2023.6,1959,707,1278,47,171,498,772,137,605,359,246,52,51
12/08/2023 15:29:32,Anthony Edwards,458,MIN,21,79,40,39,2841.5,1946,707,1541,213,578,319,422,47,411,350,259,125,58
12/08/2023 15:30:13,Julius Randle,767,NYK,28,77,44,33,2737.3,1936,658,1432,218,636,402,531,141,626,316,216,49,21
12/08/2023 15:30:55,Donovan Mitchell,289,CLE,26,68,44,24,2432.4,1922,679,1402,245,635,319,368,63,226,301,180,99,27
12/08/2023 15:31:37,Trae Young,217,ATL,24,73,38,35,2540.7,1914,597,1390,154,460,566,639,56,161,741,300,80,9
12/08/2023 15:32:18,Zach LaVine,345,CHI,28,77,38,39,2767.9,1913,673,1388,204,544,363,428,42,303,327,194,69,18
12/08/2023 15:33:00,Damian Lillard,277,POR,32,58,27,31,2106.6,1866,556,1202,244,658,510,558,44,233,425,191,50,18
12/08/2023 15:33:41,De'Aaron Fox,306,SAC,25,73,44,29,2435.2,1826,682,1331,119,367,343,440,40,266,447,181,83,23
12/08/2023 15:34:23,DeMar DeRozan,343,CHI,33,74,37,37,2681.6,1816,657,1303,46,142,456,523,34,309,377,153,83,36
12/08/2023 15:35:05,Jaylen Brown,459,BOS,26,67,46,21,2404.9,1784,679,1383,163,487,263,344,78,381,232,197,75,26
12/08/2023 15:35:48,Pascal Siakam,556,TOR,29,71,35,36,2652,1720,630,1313,93,287,367,474,131,425,415,169,65,36
12/08/2023 15:36:31,Lauri Markkanen,570,UTA,26,66,32,34,2272.5,1691,571,1144,200,510,349,399,130,440,123,127,42,38
12/08/2023 15:37:12,Nikola Jokic,817,DEN,28,69,48,21,2323,1690,646,1022,57,149,341,415,167,650,678,247,87,47
12/08/2023 15:37:54,Jalen Green,284,HOU,21,76,20,56,2602.2,1683,566,1359,187,554,364,463,43,241,281,200,59,18
12/08/2023 15:38:35,Jordan Poole,225,GSW,24,82,44,38,2458.1,1675,550,1278,214,637,361,415,32,193,369,252,63,21
12/08/2023 15:39:17,Mikal Bridges,364,BKN,26,83,42,41,2963.2,1671,593,1267,169,442,316,353,79,285,273,127,91,61
12/08/2023 15:40:00,Stephen Curry,341,GSW,35,56,30,26,1941.2,1648,559,1133,273,639,257,281,39,302,352,179,52,20
12/08/2023 15:40:43,Jalen Brunson,241,NYK,26,68,40,28,2378.7,1633,587,1195,134,322,325,392,40,201,421,142,61,15
12/08/2023 15:41:25,Kyrie Irving,304,DAL,31,60,32,28,2240.6,1623,594,1203,188,496,247,273,59,245,331,128,66,45
12/08/2023 15:42:06,Ja Morant,357,MEM,23,61,40,21,1948.3,1596,566,1214,92,300,372,497,61,296,493,206,66,16
12/08/2023 15:42:47,LeBron James,457,LAL,38,55,30,25,1953.9,1590,609,1219,121,377,251,327,65,392,375,178,50,32
12/08/2023 15:43:27,CJ McCollum,328,NOP,31,75,38,37,2649.2,1568,587,1344,211,543,183,238,55,273,429,183,70,38
12/08/2023 15:44:11,Bam Adebayo,688,MIA,25,75,40,35,2598,1529,602,1114,1,12,324,402,184,504,240,187,88,61
12/08/2023 15:44:52,Dejounte Murray,389,ATL,26,74,38,36,2693.4,1515,612,1319,133,387,158,190,53,336,448,160,112,19
12/08/2023 15:45:33,Domantas Sabonis,973,SAC,27,79,47,32,2735.6,1510,577,938,31,83,325,438,251,722,573,230,65,39
12/08/2023 15:46:16,Klay Thompson,286,GSW,33,69,38,31,2278.9,1509,546,1252,301,731,116,132,39,247,163,123,49,29
12/08/2023 15:46:58,Kristaps Porzingis,546,WAS,27,65,27,38,2119.5,1505,507,1018,137,356,354,416,114,432,174,137,58,100
12/08/2023 15:47:39,Darius Garland,185,CLE,23,69,40,29,2447.2,1490,522,1129,169,412,277,321,28,157,538,199,85,9
12/08/2023 15:48:20,Franz Wagner,329,ORL,21,80,33,47,2608.7,1485,542,1118,130,360,271,322,70,259,283,167,77,17
12/08/2023 15:49:02,Devin Booker,240,PHX,26,53,34,19,1835.4,1471,527,1067,111,316,306,358,46,194,293,145,51,18
12/08/2023 15:49:45,Jimmy Butler,375,MIA,33,64,35,29,2138,1466,479,888,36,103,472,555,141,234,340,101,117,21
12/08/2023 15:50:26,Anthony Davis,702,LAL,30,56,31,25,1904.5,1451,542,962,19,74,348,444,195,507,148,122,59,114
12/08/2023 15:51:06,Nikola Vucevic,903,CHI,32,82,40,42,2746.4,1447,597,1148,121,347,132,158,159,744,265,139,60,57
12/08/2023 15:51:47,Paolo Banchero,497,ORL,20,72,31,41,2429.7,1437,479,1122,85,285,394,534,84,413,269,200,60,39
12/08/2023 15:52:27,RJ Barrett,368,NYK,23,73,40,33,2475.5,1431,510,1176,121,390,290,392,60,308,201,164,31,15
12/08/2023 15:53:08,Keldon Johnson,318,SAS,23,63,17,46,2063.3,1385,503,1113,134,407,245,327,56,262,183,134,46,11
12/08/2023 15:53:49,Spencer Dinwiddie,270,BKN,30,79,41,38,2725.3,1369,460,1050,181,490,268,330,28,242,515,145,67,24
12/08/2023 15:54:29,Kevin Durant,313,PHX,34,47,34,13,1671.8,1366,483,862,93,230,307,334,17,296,235,156,34,67
12/08/2023 15:55:10,Kyle Kuzma,463,WAS,27,64,29,35,2238.9,1357,512,1142,160,481,173,237,55,408,239,190,36,29
12/08/2023 15:55:51,Tyler Herro,360,MIA,23,67,37,30,2335.4,1347,487,1109,203,537,170,182,27,333,280,158,51,16
12/08/2023 15:56:32,Buddy Hield,400,IND,30,80,35,45,2481.9,1344,475,1038,288,677,106,129,67,333,225,139,92,26
12/08/2023 15:57:12,Fred VanVleet,280,TOR,29,69,34,35,2535,1335,437,1112,207,606,254,283,30,250,495,140,123,38
12/08/2023 15:57:53,Paul George,342,LAC,33,56,32,24,1938.9,1332,459,1004,158,426,256,294,45,297,288,176,83,20
12/08/2023 15:58:34,Terry Rozier,259,CHA,29,63,19,44,2220.9,1329,493,1188,165,505,178,220,51,208,319,134,74,16
12/08/2023 15:59:15,Anfernee Simons,161,POR,24,62,27,35,2170.7,1306,467,1045,212,562,160,179,18,143,253,128,42,14
12/08/2023 15:59:56,Bennedict Mathurin,318,IND,21,78,33,45,2222.4,1302,413,951,100,310,376,454,87,231,116,152,48,13
12/08/2023 16:00:37,Jamal Murray,257,DEN,26,65,43,22,2133.4,1298,473,1041,172,432,180,216,48,209,400,145,66,16
12/08/2023 16:01:18,Jerami Grant,283,POR,29,63,28,35,2245.5,1290,434,913,144,359,278,342,53,230,150,116,51,53
12/08/2023 16:02:01,Jrue Holiday,341,MIL,33,67,50,17,2182.5,1290,490,1023,158,411,152,177,79,262,495,197,79,25
12/08/2023 16:02:43,Evan Mobley,711,CLE,22,79,48,31,2715.3,1277,525,947,22,102,205,304,187,524,224,146,60,119
12/08/2023 16:03:24,Bojan Bogdanovic,223,DET,34,59,15,44,1892.9,1273,430,882,145,353,268,303,36,187,152,135,34,8
12/08/2023 16:04:05,Jordan Clarkson,246,UTA,31,61,30,31,1988.3,1271,458,1031,155,459,200,245,72,174,270,186,33,13
12/08/2023 16:04:46,D'Angelo Russell,215,LAL,27,71,39,32,2304.1,1263,445,948,194,490,179,216,35,180,437,186,70,29
12/08/2023 16:05:27,Josh Giddey,599,OKC,20,76,34,42,2367.3,1260,539,1118,76,234,106,145,148,451,469,211,57,31
12/08/2023 16:06:09,Desmond Bane,291,MEM,25,58,38,20,1841.5,1247,450,939,166,407,181,205,43,248,254,126,56,22
12/08/2023 16:06:52,Brook Lopez,520,MIL,35,78,57,21,2372.5,1239,477,899,136,364,149,190,157,363,99,107,37,193
12/08/2023 16:07:34,Kawhi Leonard,338,LAC,32,52,33,19,1747.5,1239,446,871,104,250,243,279,57,281,204,88,72,28
12/08/2023 16:08:35,Harrison Barnes,366,SAC,31,82,48,34,2662,1230,374,791,132,353,350,413,87,279,128,86,57,10
12/08/2023 16:09:22,Tyrese Maxey,176,PHI,22,60,39,21,2015.8,1218,439,913,160,369,180,213,23,153,212,80,49,8
12/08/2023 16:10:04,James Harden,354,PHI,33,58,39,19,2135,1216,371,842,161,418,313,361,40,314,618,195,71,31
12/08/2023 16:10:47,Immanuel Quickley,337,NYK,24,81,47,34,2344.1,1209,419,936,168,454,203,248,58,279,279,100,80,14
12/08/2023 16:11:28,Jaden Ivey,288,DET,21,74,16,58,2304.3,1204,409,983,120,350,266,356,73,215,387,237,61,17
12/08/2023 16:12:08,Deandre Ayton,667,PHX,24,67,36,31,2035.3,1203,522,887,7,24,152,200,172,495,115,120,37,53
12/08/2023 16:12:49,Scottie Barnes,512,TOR,21,77,38,39,2677.6,1179,463,1016,63,224,190,246,179,333,371,154,83,61
12/08/2023 16:13:30,Jaren Jackson Jr.,426,MEM,23,63,41,22,1787.5,1173,416,822,100,282,241,306,108,318,60,107,65,189
12/08/2023 16:14:10,Bradley Beal,196,WAS,30,50,24,26,1672.9,1160,444,878,80,219,192,228,41,155,271,145,45,33
12/08/2023 16:14:55,Tyrese Haliburton,205,IND,23,56,28,28,1882.9,1160,412,841,161,402,175,201,33,172,585,141,91,25
12/08/2023 16:15:41,Russell Westbrook,423,LAC,34,73,36,37,2125.8,1159,432,991,89,286,206,314,89,334,551,255,76,33
12/08/2023 16:16:23,Gary Trent Jr.,173,TOR,24,66,31,35,2118,1148,405,935,166,450,172,205,30,143,106,55,104,14
12/08/2023 16:17:05,Trey Murphy III,281,NOP,23,79,39,40,2448,1148,387,800,202,497,172,190,59,222,112,61,89,43
12/08/2023 16:17:46,P.J. Washington,358,CHA,24,73,24,49,2379.6,1144,434,978,149,428,127,174,73,285,175,110,66,79
12/08/2023 16:18:28,Kevin Huerter,251,SAC,24,75,44,31,2202.8,1140,420,866,205,510,95,131,42,209,221,97,80,24
12/08/2023 16:19:09,Kevin Porter Jr.,314,HOU,23,59,18,41,2023.9,1130,391,884,141,385,207,264,76,238,338,188,82,17
12/08/2023 16:19:51,O.G. Anunoby,332,TOR,25,67,33,34,2385.7,1124,421,885,142,367,140,167,95,237,131,132,128,50
12/08/2023 16:20:33,Jonas Valanciunas,804,NOP,31,79,40,39,1968.2,1115,446,816,38,109,185,224,225,579,140,159,20,52
12/08/2023 16:21:14,Christian Wood,491,DAL,27,67,33,34,1738.4,1114,396,769,105,279,217,281,87,404,121,121,30,72
12/08/2023 16:21:56,Myles Turner,466,IND,27,62,29,33,1825.2,1113,402,733,93,249,216,276,88,378,89,103,36,140
12/08/2023 16:22:38,Brandon Ingram,246,NOP,25,45,23,22,1538.1,1112,404,835,64,164,240,272,23,223,262,148,32,19
12/08/2023 16:23:20,Aaron Gordon,446,DEN,27,68,45,23,2055.1,1109,429,761,60,173,191,314,164,282,203,98,54,51
12/08/2023 16:24:02,Alperen Sengun,678,HOU,20,75,18,57,2170.7,1109,442,799,19,57,206,288,242,436,291,193,70,70
12/08/2023 16:24:42,Tobias Harris,424,PHI,30,74,47,27,2435.9,1085,423,845,126,324,113,129,67,357,186,89,68,40
12/08/2023 16:25:24,Michael Porter Jr.,341,DEN,25,62,41,21,1797.9,1080,398,817,188,454,96,120,64,277,65,68,37,29
12/08/2023 16:26:06,Saddiq Bey,362,ATL,24,77,24,53,2128.7,1062,353,836,151,418,205,238,98,264,118,71,70,13
12/08/2023 16:26:47,Jalen Williams,337,OKC,22,75,36,39,2275.6,1056,414,794,73,205,155,191,84,253,248,123,103,35
12/08/2023 16:27:28,Dillon Brooks,244,MEM,27,73,46,27,2214.3,1047,392,991,143,439,120,154,45,199,189,104,65,16
12/08/2023 16:28:09,Malik Monk,203,SAC,25,77,47,30,1719.2,1041,357,796,143,398,184,207,32,171,298,146,49,20
12/08/2023 16:28:51,Kenyon Martin Jr.,452,HOU,22,82,22,60,2292.2,1039,410,720,68,216,151,222,126,326,123,91,41,30
12/08/2023 16:29:32,De'Andre Hunter,284,ATL,25,67,35,32,2125.6,1029,379,822,100,286,171,207,46,238,94,82,35,17
12/08/2023 16:30:13,Malik Beasley,283,LAL,26,81,45,36,2093.1,1025,370,937,235,658,50,65,35,248,124,90,65,9
12/08/2023 16:30:54,Norman Powell,175,LAC,30,60,31,29,1567.1,1019,340,710,114,287,225,277,24,151,109,101,50,18
12/08/2023 16:31:35,Tim Hardaway Jr.,251,DAL,31,71,37,34,2152.2,1019,340,847,212,550,127,165,21,230,129,60,49,12
12/08/2023 16:32:15,Derrick White,293,BOS,28,82,57,25,2319.3,1017,350,758,149,391,168,192,52,241,321,95,54,76
12/08/2023 16:33:00,Luguentz Dort,344,OKC,24,74,36,38,2272.4,1013,339,873,135,409,200,259,128,216,154,92,75,23
12/08/2023 16:33:42,Jabari Smith Jr.,569,HOU,20,79,21,58,2450.5,1010,364,892,120,391,162,206,122,447,101,104,43,74
12/08/2023 16:34:25,Malcolm Brogdon,280,BOS,30,67,46,21,1743.8,1000,354,732,132,297,160,184,42,238,248,98,45,18
12/08/2023 16:35:10,Bobby Portis,672,MIL,28,70,47,23,1818.4,987,398,803,95,257,96,125,154,518,105,81,29,16
12/08/2023 16:35:55,Keegan Murray,371,SAC,22,80,47,33,2381.7,976,354,782,206,501,62,81,89,282,98,60,61,42
12/08/2023 16:36:37,Kelly Oubre Jr.,249,CHA,27,48,16,32,1547.5,972,353,819,108,339,158,208,65,184,54,64,68,18
12/08/2023 16:37:17,Jarrett Allen,666,CLE,25,68,44,24,2220.1,969,403,626,1,10,162,221,221,445,113,93,54,84
12/08/2023 16:37:58,Nic Claxton,702,BKN,24,76,41,35,2270.7,961,414,587,0,2,133,246,184,518,144,96,65,189
12/08/2023 16:38:40,Jaden McDaniels,307,MIN,22,79,41,38,2416.5,953,370,716,107,269,106,144,92,215,148,112,74,76
12/08/2023 16:39:22,Rudy Gobert,814,MIN,31,70,34,36,2148.5,939,360,546,0,3,219,340,231,583,87,122,56,95
12/08/2023 16:40:04,John Collins,462,ATL,25,71,37,34,2129.6,931,359,707,70,240,143,178,77,385,85,79,42,73
12/08/2023 16:40:45,Bruce Brown,328,DEN,26,80,53,27,2279.5,923,358,741,91,254,116,153,63,265,268,123,87,51
12/08/2023 16:41:26,Max Strus,258,MIA,27,80,42,38,2272,923,324,790,197,563,78,89,49,209,171,69,42,12
12/08/2023 16:42:07,Caris LeVert,282,CLE,28,74,45,29,2237.3,897,320,742,127,324,130,180,53,229,287,116,72,24
12/08/2023 16:42:49,Jakob Poeltl,653,TOR,27,72,26,46,1906.1,897,389,618,0,1,119,201,236,417,197,125,66,86
12/08/2023 16:43:30,Tre Jones,245,SAS,23,68,20,48,1983.7,875,341,743,45,158,148,172,56,189,448,110,89,9
12/08/2023 16:44:13,Wendell Carter Jr.,497,ORL,24,57,26,31,1689.5,868,322,613,80,225,144,195,120,377,132,106,30,33
12/08/2023 16:44:58,Mason Plumlee,700,LAC,33,79,28,51,2052.9,857,329,484,0,0,199,313,229,471,245,117,46,47
12/08/2023 16:45:40,Eric Gordon,134,LAC,34,69,25,44,1965.5,856,291,653,132,356,142,173,16,118,183,104,43,25
12/08/2023 16:48:17,Kelly Olynyk,420,UTA,32,68,28,40,1941.6,847,278,557,93,236,198,232,82,338,252,168,60,37
12/08/2023 16:48:59,LaMelo Ball,231,CHA,21,36,13,23,1267.8,838,296,721,144,383,102,121,42,189,304,129,46,11
12/08/2023 16:49:40,Markelle Fultz,234,ORL,25,60,29,31,1777.9,837,349,679,27,87,112,143,69,165,341,139,87,26
12/08/2023 16:50:20,Austin Reaves,193,LAL,25,64,35,29,1843.2,833,259,490,86,216,229,265,33,160,215,99,33,19
12/08/2023 16:51:00,Patrick Williams,327,CHI,21,82,40,42,2322.8,833,314,677,115,277,90,105,78,249,100,101,72,70
12/08/2023 16:51:41,Dennis Schroder,165,LAL,29,66,37,29,1985.9,830,270,650,74,225,216,252,21,144,298,112,50,10
12/08/2023 16:52:22,Kentavious Caldwell-Pope,208,DEN,30,76,51,25,2381.2,822,292,632,135,319,103,125,35,173,183,86,112,35
12/08/2023 16:53:02,Tyus Jones,200,MEM,27,80,51,29,1939.4,822,311,710,121,326,79,98,28,172,417,74,83,6
12/08/2023 16:53:43,Corey Kispert,207,WAS,24,74,31,43,2093.3,820,291,585,163,384,75,88,33,174,87,55,32,9
12/08/2023 16:54:23,Chris Paul,251,PHX,38,59,33,26,1888.6,819,294,668,98,261,133,160,27,224,524,114,91,22
12/08/2023 16:55:06,Ivica Zubac,756,LAC,26,76,43,33,2169.4,818,326,514,0,2,166,238,236,520,77,117,29,98
12/08/2023 16:55:50,Quentin Grimes,229,NYK,23,71,41,30,2120.9,799,282,602,157,407,78,98,49,180,150,69,47,26
12/08/2023 16:56:31,Mike Conley,182,MIN,35,67,34,33,2028.1,798,261,610,135,351,141,169,33,149,450,103,73,14
12/08/2023 16:57:11,Onyeka Okongwu,576,ATL,22,80,41,39,1848.6,791,317,497,4,13,153,196,217,359,81,81,56,107
12/08/2023 16:57:53,Shaedon Sharpe,236,POR,20,80,32,48,1778.6,789,306,648,102,283,75,105,63,173,94,83,38,24
12/08/2023 16:58:33,Killian Hayes,221,DET,21,76,16,60,2153.6,786,307,815,80,286,92,112,28,193,470,173,104,28
12/08/2023 16:59:13,Cole Anthony,288,ORL,23,60,28,32,1551.8,781,277,610,75,206,152,170,47,241,235,91,37,31
12/08/2023 16:59:53,Naz Reid,333,MIN,23,68,32,36,1250.9,781,310,577,75,217,86,127,73,260,77,92,42,53
12/08/2023 17:00:33,De'Anthony Melton,312,PHI,25,77,50,27,2149.8,780,277,651,157,403,69,87,69,243,197,102,126,41
12/08/2023 17:01:14,Clint Capela,717,ATL,29,65,35,30,1730.1,779,350,536,0,1,79,131,258,459,58,54,45,79
12/08/2023 17:01:57,Tari Eason,496,HOU,22,82,22,60,1767.2,760,296,660,59,172,109,145,195,301,88,101,96,47
12/08/2023 17:02:38,Bogdan Bogdanovic,165,ATL,30,54,27,27,1508.6,756,273,611,146,360,64,77,23,142,150,65,43,18
12/08/2023 17:03:18,Jalen McDaniels,346,PHI,25,80,31,49,1912.9,755,281,617,77,232,116,138,63,283,130,93,83,34
12/08/2023 17:04:02,Zion Williamson,202,NOP,22,29,17,12,956.1,754,285,469,7,19,177,248,58,144,133,99,32,16
12/08/2023 17:04:43,Grayson Allen,237,MIL,27,72,53,19,1972.1,750,245,557,146,366,114,126,61,176,163,72,62,14
12/08/2023 17:05:23,Josh Hart,593,NYK,28,76,42,34,2454,743,275,520,61,164,132,176,142,451,290,117,88,21
12/08/2023 17:06:03,Aaron Nesmith,277,IND,23,73,30,43,1816.4,738,252,590,115,314,119,142,62,215,98,75,55,34
12/08/2023 17:06:42,Gordon Hayward,215,CHA,33,50,20,30,1576.9,733,276,581,52,160,129,159,33,182,206,99,42,12
12/08/2023 17:07:22,Zach Collins,402,SAS,25,63,20,43,1440.6,731,284,548,55,147,108,142,116,286,180,129,37,49
12/08/2023 17:08:06,Marcus Morris Sr.,258,LAC,33,65,35,30,1825.1,728,274,643,112,307,68,87,29,229,114,56,42,21
12/08/2023 17:08:50,Coby White,212,CHI,23,74,37,37,1730.2,715,263,594,128,344,61,70,16,196,204,74,54,6
12/08/2023 17:09:31,Terance Mann,276,LAC,26,81,44,37,1872.2,713,272,524,77,198,92,118,77,199,184,80,42,22
12/08/2023 17:10:17,Chris Boucher,421,TOR,30,76,39,37,1523.5,712,261,529,62,189,128,168,157,264,29,41,47,64
12/08/2023 17:10:59,Andrew Nembhard,199,IND,23,75,32,43,2073.5,709,284,644,92,263,49,62,35,164,341,126,70,13
12/08/2023 17:11:40,Rui Hachimura,283,LAL,25,63,38,25,1466,707,284,584,51,160,88,119,53,230,58,53,19,26
12/08/2023 17:12:21,Daniel Gafford,433,WAS,24,78,32,46,1604.2,705,289,395,0,0,127,187,163,270,84,85,33,99
12/08/2023 17:13:08,Jaylen Nowell,170,MIN,23,65,34,31,1251.7,704,280,625,67,232,77,99,36,134,132,65,42,5
12/08/2023 17:13:50,Devin Vassell,148,SAS,22,38,12,26,1178.1,703,261,595,103,266,78,100,8,140,136,57,43,17
12/08/2023 17:14:35,Marcus Smart,191,BOS,29,61,43,18,1956.8,703,250,602,115,342,88,118,46,145,382,143,93,23
12/08/2023 17:15:31,Naji Marshall,279,NOP,25,77,40,37,1792,698,247,571,66,218,138,175,48,231,189,97,54,14
12/08/2023 17:16:12,Talen Horton-Tucker,210,UTA,22,65,30,35,1313.2,698,257,613,58,203,126,168,41,169,246,126,41,29
12/08/2023 17:16:52,Deni Avdija,487,WAS,22,76,33,43,2020.4,697,253,579,69,232,122,165,74,413,211,123,65,29
12/08/2023 17:17:31,Santi Aldama,371,MEM,22,77,47,30,1681.7,696,247,525,94,266,108,144,85,286,97,60,45,48
12/08/2023 17:18:10,Jusuf Nurkic,471,POR,28,52,24,28,1391.4,694,262,505,43,119,127,192,114,357,149,119,43,44
12/08/2023 17:18:49,Reggie Jackson,144,DEN,33,68,36,32,1656.9,693,263,640,96,288,71,78,25,119,233,115,47,6
12/08/2023 17:19:29,Isaiah Joe,175,OKC,23,73,36,37,1395.3,691,224,508,161,394,82,100,27,148,88,39,48,8
12/08/2023 17:20:09,Ayo Dosunmu,220,CHI,23,80,40,40,2097.6,687,281,570,59,189,66,82,45,175,206,99,62,26
12/08/2023 17:20:49,Collin Sexton,105,UTA,24,48,24,24,1145.2,685,237,468,48,122,163,199,37,68,138,85,27,6
12/08/2023 17:21:29,Caleb Martin,344,MIA,27,71,38,33,2077.7,683,254,548,84,236,91,113,88,256,117,79,71,31
12/08/2023 17:22:09,Walker Kessler,620,UTA,21,74,34,40,1703.2,679,298,414,1,3,82,159,231,389,69,58,26,173
12/08/2023 17:22:50,Donte DiVincenzo,325,GSW,26,72,42,30,1894.4,678,235,540,150,378,58,71,80,245,252,112,97,10
12/08/2023 17:23:31,Malaki Branham,181,SAS,20,66,15,51,1549.6,673,269,611,77,255,58,70,28,153,127,76,33,7
12/08/2023 17:24:11,Royce O'Neale,384,BKN,30,76,42,34,2409.2,671,229,593,163,419,50,69,55,329,283,114,65,49
12/08/2023 17:24:55,Cedi Osman,176,CLE,28,77,48,29,1548.3,669,239,530,116,312,75,108,25,151,115,52,35,11
12/08/2023 17:25:37,Jonathan Kuminga,231,GSW,20,67,38,29,1394.4,666,261,497,54,146,90,138,70,161,125,95,41,31
12/08/2023 17:26:20,Bones Hyland,135,LAC,22,56,36,20,1085.5,659,228,571,117,315,86,102,20,115,172,82,39,15
12/08/2023 17:27:01,Doug McDermott,138,SAS,31,64,19,45,1314.2,654,239,523,123,298,53,70,23,115,91,58,13,6
12/08/2023 17:27:54,Josh Richardson,175,NOP,29,65,24,41,1529.6,654,239,554,107,293,69,81,41,134,174,86,69,20
12/08/2023 17:28:37,Lonnie Walker IV,109,LAL,24,56,27,29,1297,654,236,527,91,249,91,106,14,95,64,46,30,17
12/08/2023 17:29:16,Alec Burks,158,DET,31,51,12,39,1122.4,652,200,459,99,239,153,188,19,139,114,58,38,8
12/08/2023 17:29:56,Jevon Carter,202,MIL,27,81,57,24,1811.8,651,239,565,142,337,31,38,35,167,197,78,66,29
12/08/2023 17:30:36,Cameron Johnson,185,BKN,27,42,25,17,1199.8,650,223,474,103,255,101,120,34,151,78,37,50,14
12/08/2023 17:31:16,T.J. McConnell,234,IND,31,75,31,44,1526.4,650,283,521,26,59,58,68,45,189,397,143,81,10
12/08/2023 17:31:56,Herbert Jones,269,NOP,24,66,31,35,1950.5,649,235,501,56,167,123,161,97,172,162,88,103,42
12/08/2023 17:32:36,Keita Bates-Diop,247,SAS,27,67,18,49,1452.6,647,236,465,56,142,119,150,65,182,103,56,46,20
12/08/2023 17:33:20,Kyle Anderson,368,MIN,29,69,36,33,1956.6,647,252,495,43,105,100,136,66,302,335,103,78,63
12/08/2023 17:34:08,Jalen Smith,394,IND,23,68,31,37,1278.8,642,242,508,54,191,104,137,129,265,66,72,21,60
12/08/2023 17:34:49,Gabe Vincent,145,MIA,27,68,37,31,1758.7,641,228,567,117,350,68,78,27,118,167,92,62,5
12/08/2023 17:35:29,Grant Williams,363,BOS,24,79,55,24,2044.8,641,216,476,115,291,94,122,87,276,131,82,41,31
12/08/2023 17:36:11,AJ Griffin,153,ATL,19,72,34,38,1401.4,639,248,533,101,259,42,47,37,116,73,42,42,12
12/08/2023 17:36:52,Georges Niang,185,PHI,30,78,51,27,1511.8,637,222,502,154,384,39,45,19,166,77,54,31,14
12/08/2023 17:37:32,Shake Milton,191,PHI,26,76,52,24,1567.4,637,241,503,56,148,99,116,39,152,240,94,25,13
12/08/2023 17:38:11,Monte Morris,210,WAS,28,62,28,34,1696.1,636,247,515,78,204,64,77,26,184,326,60,43,13
12/08/2023 17:38:51,Bol Bol,405,ORL,23,70,26,44,1505.4,634,261,478,30,113,82,108,69,336,69,112,30,85
12/08/2023 17:39:30,Andrew Wiggins,186,GSW,28,37,19,18,1190.3,633,250,529,89,225,44,72,61,125,85,48,45,28
12/08/2023 17:40:10,Jarred Vanderbilt,582,LAL,24,78,43,35,1879.7,619,247,451,29,90,96,139,170,412,184,97,83,21
12/08/2023 17:40:50,Draymond Green,525,GSW,33,73,41,32,2297.6,617,250,474,40,131,77,108,66,459,500,204,74,61
12/08/2023 17:41:29,Al Horford,390,BOS,37,63,44,19,1921.4,616,228,479,145,325,15,21,73,317,189,37,30,61
12/08/2023 17:42:08,Kyle Lowry,225,MIA,37,55,30,25,1717.7,615,196,485,107,310,116,135,43,182,281,103,57,21
12/08/2023 17:42:47,Jeremy Sochan,295,SAS,20,56,15,41,1457.7,614,250,552,33,134,81,116,95,200,142,97,43,23
12/08/2023 17:43:25,Jalen Duren,595,DET,19,67,16,51,1670.1,612,258,398,0,2,96,157,229,366,75,92,44,59
12/08/2023 17:44:04,Cam Thomas,95,BKN,21,57,30,27,947.6,604,201,456,51,133,151,174,8,87,78,63,20,7
12/08/2023 17:44:42,Damion Lee,225,PHX,30,74,40,34,1506.3,604,200,452,110,247,94,104,39,186,99,78,30,7
12/08/2023 17:45:22,Karl-Anthony Towns,236,MIN,27,29,15,14,957,602,212,428,60,164,118,135,48,188,140,86,20,17
12/08/2023 17:46:01,Moritz Wagner,259,ORL,26,57,27,30,1109.5,600,198,396,51,163,153,182,69,190,84,68,37,13
12/08/2023 17:46:40,Torrey Craig,426,PHX,32,79,44,35,1947.8,588,228,500,100,253,32,45,145,281,117,73,50,62
12/08/2023 17:47:19,Thomas Bryant,339,DEN,25,59,33,26,1081.5,579,230,369,26,59,93,126,86,253,31,38,16,30
12/08/2023 17:47:58,Kevon Looney,760,GSW,27,82,44,38,1957.6,578,242,384,0,1,94,155,274,486,207,45,52,50
12/08/2023 17:48:37,Isaiah Stewart,403,DET,22,50,12,38,1414.1,567,195,441,67,205,110,149,115,288,70,68,20,34
12/08/2023 17:49:16,Joe Harris,164,BKN,31,74,40,34,1527.2,562,201,440,142,333,18,28,23,141,101,41,34,13
12/08/2023 17:49:54,Trey Lyles,300,SAC,27,74,43,31,1247.2,562,187,408,87,240,101,124,68,232,66,64,27,31
12/08/2023 17:50:33,Reggie Bullock,283,DAL,32,78,37,41,2364.5,561,192,470,151,397,26,37,32,251,108,36,54,13
12/08/2023 17:51:12,Seth Curry,100,BKN,32,61,37,24,1210.7,561,208,449,94,232,51,55,13,87,99,51,36,7
12/08/2023 17:51:50,Brandon Clarke,310,MEM,26,56,32,24,1090.1,559,229,349,1,6,100,139,92,218,72,55,34,37
12/08/2023 17:52:29,Dorian Finney-Smith,316,BKN,30,66,31,35,2008.8,551,196,501,114,338,45,59,114,202,100,62,55,36
12/08/2023 17:53:09,Jose Alvarado,141,NOP,25,61,30,31,1310,550,201,489,83,247,65,80,28,113,186,81,67,10
12/08/2023 17:53:48,Josh Green,182,DAL,22,60,27,33,1539.2,546,205,382,68,169,68,94,55,127,103,72,42,5
12/08/2023 17:54:27,Luke Kennard,158,MEM,27,59,37,22,1315.1,546,188,382,133,269,37,39,15,143,91,46,32,5
12/08/2023 17:55:05,Jordan Nwora,229,IND,24,62,36,26,1188.1,542,194,445,86,211,68,86,51,178,88,66,24,14
12/08/2023 17:55:44,Troy Brown Jr.,308,LAL,23,76,40,36,1859.8,541,200,465,107,281,34,39,62,246,95,49,59,16
12/08/2023 17:56:24,Devonte' Graham,122,SAS,28,73,31,42,1338.4,539,161,431,119,338,98,131,19,103,196,53,45,16
12/08/2023 17:57:02,Nick Richards,416,CHA,25,65,21,44,1217.7,532,197,313,1,1,137,183,147,269,38,59,11,71
12/08/2023 17:57:42,Josh Okogie,251,PHX,24,72,38,34,1350.6,529,162,414,66,197,139,192,109,142,105,63,56,34
12/08/2023 17:58:20,Jalen Suggs,161,ORL,22,53,20,33,1245.9,524,186,444,66,202,86,119,55,106,155,94,67,27
12/08/2023 17:59:01,Hamidou Diallo,194,DET,24,56,12,44,995.9,522,215,375,5,21,87,148,57,137,55,71,53,16
12/08/2023 17:59:41,Terrence Ross,154,PHX,32,63,27,36,1330.5,522,200,465,95,258,27,34,22,132,95,43,35,10
12/08/2023 18:00:22,Drew Eubanks,418,POR,26,78,31,47,1583.7,518,214,334,7,18,83,125,132,286,103,67,40,102
12/08/2023 18:01:02,Tre Mann,155,OKC,22,67,31,36,1183.4,517,197,501,81,257,42,55,27,128,120,62,40,11
12/08/2023 18:01:42,Sam Hauser,204,BOS,25,80,55,25,1289.9,512,180,396,140,335,12,17,35,169,71,30,29,21
12/08/2023 18:02:23,Kevin Love,399,MIA,34,62,35,27,1239.5,509,165,424,99,296,80,91,59,340,116,70,16,12
12/08/2023 18:03:10,Precious Achiuwa,328,TOR,23,55,30,25,1140.5,508,196,404,29,108,87,124,100,228,50,59,31,30
12/08/2023 18:03:52,Dwight Powell,314,DAL,31,76,37,39,1457.9,506,197,269,0,5,112,168,149,165,69,65,48,26
12/08/2023 18:04:36,Marvin Bagley III,269,DET,24,42,7,35,990.5,504,202,382,19,66,81,108,94,175,36,46,19,30
12/08/2023 18:05:24,Khris Middleton,140,MIL,31,33,25,8,800.8,497,177,406,51,162,92,102,28,112,163,71,23,5
12/08/2023 18:06:06,Obi Toppin,187,NYK,25,67,37,30,1050.5,497,187,419,85,247,38,47,29,158,66,38,23,12
12/08/2023 18:06:47,Kendrick Nunn,109,WAS,27,70,30,40,963.4,496,191,450,79,223,35,41,15,94,90,66,28,7
12/08/2023 18:07:27,Cameron Payne,106,PHX,28,48,27,21,968.3,493,188,453,68,185,49,64,12,94,214,81,33,8
12/08/2023 18:08:07,Taurean Prince,132,MIN,29,54,31,23,1192.5,493,177,379,74,194,65,77,15,117,84,69,28,15
12/08/2023 18:08:47,Isaac Okoro,187,CLE,22,76,48,28,1652.6,490,175,354,62,171,78,103,52,135,87,42,56,30
12/08/2023 18:09:28,Aaron Wiggins,211,OKC,24,70,37,33,1297.4,479,186,363,48,122,59,71,68,143,80,56,39,15
12/08/2023 18:10:09,Nicolas Batum,299,LAC,34,78,44,34,1709.6,478,160,381,124,317,34,48,62,237,121,50,54,44
12/08/2023 18:10:49,Dennis Smith Jr.,167,CHA,25,54,19,35,1389.8,474,186,452,24,111,78,106,27,140,261,82,75,25
12/08/2023 18:11:29,Ochai Agbaji,121,UTA,23,59,29,30,1209.2,467,165,386,81,228,56,69,43,78,67,41,16,15
12/08/2023 18:12:09,David Roddy,193,MEM,22,70,44,26,1258.5,466,180,420,65,212,41,65,50,143,59,57,29,19
12/08/2023 18:12:48,Pat Connaughton,283,MIL,30,61,43,18,1442.7,466,165,421,109,322,27,41,50,233,77,33,37,11
12/08/2023 18:13:29,Trendon Watford,238,POR,22,62,26,36,1181.6,459,181,323,25,64,72,100,42,196,130,71,32,12
12/08/2023 18:14:09,Jock Landale,280,PHX,27,69,35,34,978.5,456,178,337,21,84,79,105,119,161,68,59,16,30
12/08/2023 18:14:49,Isaiah Jackson,282,IND,21,63,24,39,1042.3,455,179,318,2,14,95,146,113,169,51,51,31,93
12/08/2023 18:15:30,Davion Mitchell,105,SAC,24,80,47,33,1447,450,181,399,63,197,25,31,16,89,185,62,44,15
12/08/2023 18:16:09,James Wiseman,267,DET,22,45,11,34,867.2,450,189,339,4,20,68,97,73,194,30,51,7,27
12/08/2023 18:16:50,Victor Oladipo,128,MIA,31,42,23,19,1105.6,449,160,403,70,212,59,79,16,112,146,87,57,12
12/08/2023 18:17:30,Larry Nance Jr.,354,NOP,30,65,34,31,1380.8,441,186,305,14,42,55,79,106,248,119,42,56,37
12/08/2023 18:18:14,Jeff Green,144,DEN,36,56,33,23,1091.1,437,160,328,30,104,87,117,38,106,69,46,18,17
12/08/2023 18:18:56,Mitchell Robinson,555,NYK,25,59,35,24,1588.8,435,188,280,0,0,59,122,267,288,53,41,56,109
12/08/2023 18:19:40,Terence Davis,139,SAC,26,64,38,26,841,431,154,364,89,243,34,43,20,119,67,53,43,12
12/08/2023 18:20:22,Xavier Tillman,307,MEM,24,61,40,21,1180.1,429,188,306,4,15,49,89,121,186,96,44,58,29
12/08/2023 18:21:04,Cory Joseph,106,DET,31,62,12,50,1227.4,427,150,351,70,180,57,72,21,85,217,56,34,9
12/08/2023 18:21:46,Kenrich Williams,261,OKC,28,53,26,27,1206,425,179,346,50,134,17,39,97,164,105,32,45,14
12/08/2023 18:22:27,Jaden Hardy,89,DAL,20,48,20,28,708.4,420,146,333,63,156,65,79,11,78,65,46,17,7
12/08/2023 18:23:08,Anthony Lamb,215,GSW,25,62,36,26,1195,415,148,314,73,199,46,60,56,159,96,54,28,20
12/08/2023 18:23:52,Kevin Knox II,177,POR,23,63,12,51,951.7,415,152,332,65,186,46,60,34,143,33,50,24,12
12/08/2023 18:24:34,Patrick Beverley,247,CHI,34,67,34,33,1816.5,415,144,360,80,239,47,65,44,203,194,60,63,41
12/08/2023 18:25:16,Jordan Goodwin,205,WAS,24,62,22,40,1105.4,407,158,353,38,118,53,69,57,148,168,57,58,26
12/08/2023 18:26:04,Isaiah Hartenstein,536,NYK,25,82,47,35,1628.2,406,175,327,8,37,48,71,209,327,102,66,53,64
12/08/2023 18:26:45,Andre Drummond,444,CHI,29,67,32,35,849.1,399,166,274,0,3,67,125,138,306,33,75,45,27
12/08/2023 18:27:28,Oshae Brissett,218,IND,25,65,27,38,1083.2,398,123,319,48,155,104,145,62,156,44,34,33,13
12/08/2023 18:28:12,Gary Harris,98,ORL,28,48,22,26,1184.4,397,138,307,94,218,27,30,21,77,59,28,45,12
12/08/2023 18:28:55,Jalen Johnson,282,ATL,21,70,35,35,1041.6,395,158,322,30,104,49,78,51,231,83,41,38,34
12/08/2023 18:29:37,Cam Reddish,88,POR,23,40,14,26,989.6,387,139,312,45,144,64,75,18,70,57,47,39,14
12/08/2023 18:30:19,Mark Williams,304,CHA,21,43,18,25,828,387,160,251,0,0,67,97,93,211,18,40,28,45
12/08/2023 18:31:01,John Wall,92,LAC,32,34,15,19,754.7,386,138,339,33,109,77,113,14,78,178,80,27,12
12/08/2023 18:31:42,Mike Muscala,203,BOS,31,63,32,31,945.1,383,131,292,81,207,40,52,37,166,50,23,15,24
12/08/2023 18:32:24,Will Barton,137,TOR,32,56,27,29,993,379,138,364,66,180,37,47,15,122,112,48,28,13
12/08/2023 18:33:06,Edmond Sumner,79,BKN,27,53,33,20,736.2,378,124,269,31,87,99,108,13,66,68,50,31,10
12/08/2023 18:33:48,Alex Caruso,196,CHI,29,67,33,34,1575.4,374,130,286,55,151,59,73,42,154,193,77,98,46
12/08/2023 18:34:30,Josh Christopher,71,HOU,21,64,16,48,786.2,372,153,329,21,89,45,60,20,51,73,60,33,15
12/08/2023 18:35:12,Wenyen Gabriel,286,LAL,26,68,37,31,1023.8,372,155,260,10,36,52,84,116,170,36,46,26,35
12/08/2023 18:35:54,Delon Wright,180,WAS,31,50,26,24,1221.2,369,138,291,41,119,52,60,58,122,194,44,92,17
12/08/2023 18:36:36,JaMychal Green,205,GSW,33,57,30,27,796.7,366,136,252,42,111,52,67,72,133,51,52,25,23
12/08/2023 18:37:18,Goran Dragic,81,MIL,37,58,27,31,870,365,141,335,52,145,31,45,16,65,151,63,13,4
12/08/2023 18:38:00,John Konchar,310,MEM,27,72,45,27,1493.8,364,138,320,60,177,28,36,64,246,100,37,77,25
12/08/2023 18:38:42,Nickeil Alexander-Walker,101,MIN,24,59,29,30,883.9,363,131,295,61,159,40,60,15,86,108,55,32,21
12/08/2023 18:39:24,Chris Duarte,115,IND,26,46,19,27,897.2,362,123,333,55,174,61,72,19,96,64,41,25,9
12/08/2023 18:40:06,Dario Saric,207,OKC,29,57,26,31,806,362,127,277,45,115,63,76,53,154,74,55,20,7
12/08/2023 18:40:48,Steven Adams,485,MEM,29,42,28,14,1133.3,361,157,263,0,1,47,129,214,271,97,79,36,46
12/08/2023 18:41:30,Christian Braun,181,DEN,22,76,49,27,1181.1,360,143,289,34,96,40,64,48,133,59,35,41,17
12/08/2023 18:42:12,Nassir Little,141,POR,23,54,22,32,976.1,359,134,303,58,158,33,46,27,114,50,36,20,20
12/08/2023 18:42:54,Isaiah Livers,143,DET,24,52,10,42,1198.7,346,120,288,74,203,32,39,28,115,41,30,28,28
12/08/2023 18:43:36,Landry Shamet,67,PHX,26,40,19,21,806.9,346,113,300,75,199,45,51,11,56,93,36,26,5
12/08/2023 18:44:18,Lamar Stevens,207,CLE,25,62,39,23,1120.5,328,129,288,30,95,40,57,48,159,33,27,27,19
12/08/2023 18:45:01,Simone Fontecchio,86,UTA,27,52,25,27,765.8,328,115,312,63,191,35,44,31,55,42,39,15,8
12/08/2023 18:45:43,Mo Bamba,225,LAL,25,49,25,24,768.4,323,117,241,48,124,41,62,58,167,46,30,13,43
12/08/2023 18:46:25,Yuta Watanabe,141,BKN,28,58,30,28,927.8,322,114,232,60,135,34,47,30,111,48,22,25,17
12/08/2023 18:47:06,Chimezie Metu,198,SAC,26,66,41,25,689,321,129,219,9,38,54,73,47,151,40,32,22,21
12/08/2023 18:47:48,Montrezl Harrell,159,PHI,29,57,35,22,681.1,320,125,209,0,6,70,101,67,92,33,35,17,25
12/08/2023 18:48:30,Derrick Jones Jr.,153,CHI,26,64,29,35,893.4,319,115,230,27,80,62,84,60,93,34,25,29,37
12/08/2023 18:49:12,Joe Ingles,128,MIL,35,46,32,14,1043.5,317,108,248,83,203,18,21,13,115,150,55,33,6
12/08/2023 18:49:55,T.J. Warren,121,PHX,29,42,26,16,686.7,314,132,270,22,67,28,35,26,95,40,20,22,12
12/08/2023 18:50:37,Ty Jerome,78,GSW,25,45,22,23,815.6,309,118,242,35,90,38,41,7,71,135,30,23,5
12/08/2023 18:51:20,Moses Moody,105,GSW,21,63,37,26,817.1,302,108,227,49,135,37,53,28,77,51,34,18,7
12/08/2023 18:52:02,R.J. Hampton,87,DET,22,47,9,38,749.6,302,102,237,41,116,57,76,18,69,54,42,27,9
12/08/2023 18:52:44,Romeo Langford,114,SAS,23,43,14,29,844.3,297,121,259,16,61,39,56,57,57,50,30,24,13
12/08/2023 18:53:27,Vlatko Cancar,128,DEN,26,60,38,22,889,297,108,227,43,115,38,41,24,104,80,37,22,14
12/08/2023 18:54:08,Theo Maledon,123,CHA,22,44,14,30,853.7,295,102,254,28,95,63,74,14,109,152,59,37,12
12/08/2023 18:54:51,Matisse Thybulle,140,POR,26,71,38,33,1200.4,293,110,253,54,148,19,28,40,100,53,24,83,32
12/08/2023 18:55:33,Rudy Gay,163,UTA,36,56,29,27,815.6,293,109,288,33,131,42,49,33,130,57,37,19,18
12/08/2023 18:56:15,Jeremiah Robinson-Earl,180,OKC,22,43,16,27,813.7,292,110,248,37,111,35,42,71,109,43,19,24,11
12/08/2023 18:56:57,Ben Simmons,263,BKN,26,42,24,18,1105,291,133,235,0,2,25,57,40,223,256,97,54,24
12/08/2023 18:57:39,Kris Dunn,100,UTA,29,22,8,14,567.5,290,116,216,17,36,41,53,9,91,124,35,25,10
12/08/2023 18:58:22,Jaylin Williams,241,OKC,21,49,23,26,914.2,288,102,234,46,113,38,54,44,197,76,37,28,12
12/08/2023 18:59:05,Robert Covington,166,LAC,32,48,20,28,778.6,288,102,229,54,136,30,40,31,135,57,32,38,33
12/08/2023 18:59:47,Paul Reed,262,PHI,24,69,44,25,755.2,287,124,209,1,6,38,51,112,150,27,45,45,51
12/08/2023 19:00:29,Jae'Sean Tate,118,HOU,27,31,7,24,677.5,283,110,229,13,46,50,69,41,77,84,47,21,7
12/08/2023 19:01:11,Robert Williams III,292,BOS,25,35,24,11,823.5,279,127,170,0,1,25,41,104,188,50,34,22,48
12/08/2023 19:01:52,Eugene Omoruyi,111,DET,26,40,10,30,645.3,278,101,228,25,89,51,75,43,68,28,34,28,3
12/08/2023 19:02:32,Zeke Nnaji,138,DEN,22,53,34,19,727.8,277,110,196,17,65,40,62,65,73,18,31,17,23
12/08/2023 19:03:14,Aleksej Pokusevski,159,OKC,21,34,16,18,701.3,276,108,249,38,104,22,35,45,114,64,43,20,43
12/08/2023 19:03:55,Payton Pritchard,88,BOS,25,48,32,16,642.8,270,101,245,56,154,12,16,25,63,64,40,14,1
12/08/2023 19:04:37,Danuel House Jr.,94,PHI,30,56,38,18,807,268,93,197,37,110,45,60,9,85,44,26,14,9
12/08/2023 19:05:19,Duncan Robinson,69,MIA,29,42,19,23,690.5,268,88,237,63,192,29,32,8,61,46,28,14,0
12/08/2023 19:06:01,MarJon Beauchamp,115,MIL,22,52,34,18,701.4,266,96,243,47,142,27,37,38,77,35,45,21,7
12/08/2023 19:06:43,P.J. Tucker,295,PHI,38,75,48,27,1920.1,266,96,225,55,140,19,23,95,200,60,44,39,15
12/08/2023 19:07:24,Bismack Biyombo,260,PHX,30,61,33,28,874.1,263,119,206,0,0,25,70,89,171,56,51,18,88
12/08/2023 19:08:06,Sandro Mamukelashvili,185,SAS,24,43,23,20,659.7,263,97,230,30,99,39,57,70,115,62,35,14,12
12/08/2023 19:08:48,JT Thor,152,CHA,20,69,22,47,968.8,262,95,238,39,123,33,47,36,116,36,44,22,23
12/08/2023 19:09:32,Willy Hernangomez,180,NOP,29,38,23,15,457.7,262,89,169,3,11,81,104,58,122,33,39,17,13
12/08/2023 19:10:14,Luke Kornet,197,BOS,27,69,45,24,804.1,261,113,170,3,13,32,39,86,111,53,25,11,46
12/08/2023 19:10:59,Garrison Mathews,73,ATL,26,54,16,38,686.3,257,73,201,63,180,48,53,11,62,26,19,24,5
12/08/2023 19:11:42,Austin Rivers,83,MIN,30,52,25,27,1016.3,255,91,209,43,123,30,39,5,78,75,23,28,4
12/08/2023 19:12:26,Ish Wainright,139,PHX,28,60,33,27,915.1,251,84,227,57,173,26,31,45,94,53,22,38,22
12/08/2023 19:13:10,Aaron Holiday,74,ATL,26,63,32,31,845.3,247,92,220,36,88,27,32,25,49,89,36,37,12
12/08/2023 19:13:56,Bryce McGowens,93,CHA,20,46,16,30,787,246,80,202,26,80,60,80,20,73,54,43,15,6
12/08/2023 19:14:40,Malachi Flynn,76,TOR,25,53,29,24,690.8,246,87,242,47,133,25,33,15,61,70,25,21,4
12/08/2023 19:15:22,Patty Mills,44,BKN,34,40,18,22,566.6,246,86,209,49,134,25,30,8,36,56,30,15,3
12/08/2023 19:16:04,Duane Washington Jr.,36,NYK,23,31,17,14,393.8,244,94,256,40,111,16,24,2,34,63,34,6,4
12/08/2023 19:16:45,Thaddeus Young,166,TOR,35,54,23,31,795.5,240,108,198,6,34,18,26,71,95,75,42,54,5
12/08/2023 19:17:26,Cade Cunningham,74,DET,21,12,3,9,400.2,239,93,224,17,61,36,43,12,62,72,39,10,7
12/08/2023 19:18:07,Haywood Highsmith,188,MIA,26,54,28,26,969.4,236,93,216,37,109,13,28,57,131,43,45,36,17
12/08/2023 19:18:50,Jaxson Hayes,132,NOP,23,47,22,25,610.1,233,86,156,3,29,58,83,39,93,34,31,20,19
12/08/2023 19:19:32,George Hill,85,IND,37,46,27,19,833.3,232,78,166,34,95,42,55,15,70,110,34,26,6
12/08/2023 19:20:15,Day'Ron Sharpe,200,BKN,21,48,22,26,552.5,227,93,171,6,11,35,55,99,101,37,42,15,32
12/08/2023 19:21:02,Dyson Daniels,188,NOP,20,59,33,26,1042.1,227,87,208,27,86,26,40,36,152,134,57,43,11
12/08/2023 19:21:44,Daishen Nix,98,HOU,21,57,15,42,914.4,226,81,237,40,140,24,36,18,80,132,86,31,7
12/08/2023 19:22:27,Usman Garuba,307,HOU,21,75,21,54,970.2,225,86,177,24,59,29,47,120,187,64,47,44,29
12/08/2023 19:23:08,Darius Bazley,138,PHX,23,43,19,24,616.2,224,83,183,20,53,38,70,34,104,38,27,22,34
12/08/2023 19:23:50,Miles McBride,50,NYK,22,64,36,28,760.2,222,77,215,40,134,28,42,13,37,72,25,37,8
12/08/2023 19:24:32,Svi Mykhailiuk,53,CHA,26,32,16,16,467.9,222,77,173,42,99,26,39,15,38,53,24,15,4
12/08/2023 19:25:17,Maxi Kleber,135,DAL,31,37,18,19,929.8,220,77,169,39,112,27,38,30,105,52,27,12,30
12/08/2023 19:25:58,Jabari Walker,131,POR,20,56,21,35,619.2,216,83,198,16,56,34,45,48,83,34,29,10,13
12/08/2023 19:26:40,Lindy Waters III,75,OKC,25,41,20,21,530.8,214,70,178,58,162,16,20,16,59,28,10,14,11
12/08/2023 19:27:22,Ziaire Williams,79,MEM,21,37,21,16,560.8,210,84,196,25,97,17,22,16,63,35,37,14,6
12/08/2023 19:28:07,Davis Bertans,53,DAL,30,45,20,25,491.8,206,69,160,55,141,13,15,10,43,21,10,11,8
12/08/2023 19:28:49,Dean Wade,150,CLE,26,44,30,14,891.6,206,73,177,45,127,15,23,20,130,37,17,28,21
12/08/2023 19:29:32,Justin Holiday,55,DAL,34,46,18,28,706.1,205,77,204,46,143,5,8,5,50,41,22,19,19
12/08/2023 19:30:15,Charles Bassey,193,SAS,22,35,9,26,507.9,199,87,135,3,8,22,37,75,118,48,41,16,33
12/08/2023 19:30:57,DeAndre Jordan,202,DEN,34,39,23,16,585.9,199,88,115,1,1,22,48,52,150,34,48,12,23
12/08/2023 19:31:39,Dewayne Dedmon,134,PHI,33,38,23,15,426.2,199,77,151,12,39,33,49,34,100,26,25,9,19
12/08/2023 19:32:22,Justise Winslow,145,POR,27,29,15,14,775.8,196,81,198,14,45,20,28,49,96,98,43,30,11
12/08/2023 19:33:05,Anthony Gill,99,WAS,30,59,21,38,624.6,195,71,132,4,29,49,67,37,62,34,15,7,12
12/08/2023 19:33:47,Caleb Houstan,99,ORL,20,51,20,31,812.2,193,66,182,46,136,15,18,34,65,30,18,12,7
12/08/2023 19:34:29,Ousmane Dieng,105,OKC,20,39,20,19,568.7,193,76,181,26,98,15,23,19,86,46,26,14,7
12/08/2023 19:35:11,James Bouknight,72,CHA,22,34,9,25,515.5,191,69,193,33,109,20,30,8,64,41,32,14,5
12/08/2023 19:35:53,Keon Johnson,44,POR,21,40,13,27,416.4,189,67,178,28,81,27,41,11,33,59,43,19,6
12/08/2023 19:36:35,JaVale McGee,107,DAL,35,42,20,22,354.5,186,80,125,2,5,24,41,30,77,11,36,4,26
12/08/2023 19:37:17,Blake Wesley,82,SAS,20,37,9,28,669.1,184,69,215,20,52,26,44,12,70,98,65,25,5
12/08/2023 19:37:59,Rodney McGruder,74,DET,31,32,4,28,523.9,183,62,152,41,97,18,22,20,54,28,11,16,1
12/08/2023 19:38:40,Christian Koloko,171,TOR,23,58,29,29,801.8,182,72,150,1,12,37,59,84,87,31,20,21,57
12/08/2023 19:39:22,Luka Garza,63,MIN,24,28,15,13,243.4,181,63,116,14,39,41,52,33,30,18,14,3,2
12/08/2023 19:40:03,Wesley Matthews,113,MIL,36,52,37,15,820.4,179,58,160,39,124,24,28,34,79,34,18,20,13
12/08/2023 19:40:44,Jericho Sims,242,NYK,24,52,31,21,812.4,178,83,107,0,1,12,16,99,143,25,27,15,28
12/08/2023 19:41:25,Stanley Johnson,95,SAS,27,30,5,25,469.5,174,65,122,18,40,26,39,22,73,67,33,16,6
12/08/2023 19:42:06,Amir Coffey,53,LAC,26,50,26,24,625.3,172,56,145,11,40,49,63,17,36,53,21,7,5
12/08/2023 19:42:48,Isaiah Roby,108,NYK,25,42,9,33,473.6,172,67,155,18,60,20,41,21,87,38,31,18,7
12/08/2023 19:43:30,Ricky Rubio,70,CLE,32,33,23,10,566,171,61,178,21,82,28,35,9,61,115,31,26,6
12/08/2023 19:44:11,Blake Griffin,155,BOS,34,41,27,14,568.9,170,63,130,23,66,21,32,47,108,61,22,14,9
12/08/2023 19:44:52,Taj Gibson,93,WAS,38,49,21,28,480.4,168,65,125,8,24,30,42,32,61,34,26,15,12
12/08/2023 19:45:33,Goga Bitadze,137,ORL,23,38,13,25,456.8,167,69,125,6,26,23,42,61,76,39,22,16,26
12/08/2023 19:46:15,Evan Fournier,49,NYK,30,27,15,12,458.7,165,56,166,35,114,18,21,4,45,36,22,16,3
12/08/2023 19:46:57,Javonte Green,88,CHI,29,32,13,19,480.3,165,61,108,13,35,30,45,27,61,23,20,24,21
12/08/2023 19:47:38,Julian Champagnie,60,SAS,22,17,7,10,320.1,165,59,130,33,82,14,17,10,50,10,11,6,5
12/08/2023 19:48:20,Johnny Davis,65,WAS,21,28,10,18,422.6,163,66,171,17,70,14,27,10,55,28,17,10,8
12/08/2023 19:49:01,Jordan McLaughlin,62,MIN,27,43,22,21,678.5,161,61,145,24,78,15,18,15,47,148,33,32,4
12/08/2023 19:49:43,Kai Jones,123,CHA,22,46,13,33,549.6,157,67,120,4,19,19,26,37,86,15,31,17,30
12/08/2023 19:50:25,Raul Neto,46,CLE,31,48,31,17,505.2,157,57,110,12,42,31,34,10,36,79,24,17,4
12/08/2023 19:51:06,Admiral Schofield,62,ORL,26,37,14,23,451.3,155,55,122,24,74,21,23,23,39,31,16,8,5
12/08/2023 19:51:48,Juan Toscano-Anderson,124,UTA,30,52,19,33,700.1,155,64,143,8,43,19,24,28,96,65,34,16,10
12/08/2023 19:52:29,Moses Brown,139,BKN,23,36,17,19,294.1,155,61,96,0,0,33,72,57,82,4,15,4,14
12/08/2023 19:53:10,AJ Green,45,MIL,23,35,27,8,344.9,154,53,125,44,105,4,4,6,39,22,9,6,0
12/08/2023 19:53:52,Bruno Fernando,137,ATL,24,39,13,26,405.1,153,59,112,0,4,35,50,54,83,31,25,6,34
12/08/2023 19:54:33,Derrick Rose,40,NYK,34,27,12,15,337.9,152,61,159,19,63,11,12,8,32,46,22,7,5
12/08/2023 19:55:14,Saben Lee,45,PHX,24,25,15,10,373.5,151,49,121,11,30,42,57,13,32,67,24,19,1
12/08/2023 19:55:55,TyTy Washington Jr.,45,HOU,21,31,6,25,432.7,145,58,160,19,80,10,18,2,43,47,14,15,2
12/08/2023 19:56:40,Brandon Boston Jr.,30,LAC,21,22,9,13,248.3,143,51,122,12,29,29,38,7,23,20,12,9,0
12/08/2023 19:57:21,Dalano Banton,45,TOR,23,31,17,14,278.5,142,55,130,15,51,17,24,11,34,36,18,13,13
12/08/2023 19:58:02,Damian Jones,122,UTA,28,41,12,29,477.4,142,55,86,10,17,22,29,42,80,15,23,8,21
12/08/2023 19:58:42,Kevon Harris,70,ORL,26,34,12,22,457,141,47,107,16,43,31,41,28,42,16,21,17,5
12/08/2023 19:59:23,Furkan Korkmaz,42,PHI,25,37,24,13,353.5,140,48,111,18,46,26,36,6,36,22,24,10,3
12/08/2023 20:00:03,Nathan Knight,56,MIN,25,38,19,19,290.7,139,46,81,8,22,39,57,22,34,13,21,10,6
12/08/2023 20:00:44,Frank Ntilikina,62,DAL,24,47,20,27,607.6,135,48,132,17,67,22,33,7,55,58,29,16,7
12/08/2023 20:01:25,Markieff Morris,71,DAL,33,35,17,18,355.1,132,47,115,28,71,10,10,13,58,31,18,9,5
12/08/2023 20:02:05,Richaun Holmes,80,SAC,29,42,22,20,347.6,130,55,89,5,8,15,19,29,51,9,14,3,11
12/08/2023 20:02:45,Chuma Okeke,96,ORL,24,27,8,19,518,128,43,122,26,86,16,21,26,70,37,17,19,11
12/08/2023 20:03:24,Max Christie,75,LAL,20,41,19,22,512.4,128,44,106,26,62,14,16,7,68,21,13,9,7
12/08/2023 20:04:05,Udoka Azubuike,119,UTA,23,36,17,19,358.5,125,59,72,0,0,7,20,31,88,11,18,6,15
12/08/2023 20:04:46,Jae Crowder,69,MIL,32,18,13,5,339.7,124,45,94,24,55,10,12,17,52,27,7,12,6
12/08/2023 20:05:27,Juancho Hernangomez,123,TOR,27,42,20,22,613.5,122,48,114,17,67,9,16,27,96,25,15,16,6
12/08/2023 20:06:08,Matt Ryan,26,MIN,26,34,15,19,310.2,122,40,108,32,84,10,12,4,22,16,7,5,1
12/08/2023 20:06:48,Patrick Baldwin,40,GSW,20,31,15,16,225.8,122,43,109,32,84,4,6,1,39,11,11,6,4
12/08/2023 20:07:28,Gorgui Dieng,107,SAS,33,31,3,28,358.1,121,45,117,21,75,10,13,27,80,53,32,4,14
12/08/2023 20:08:08,Kenneth Lofton Jr.,51,MEM,20,24,15,9,176,120,49,93,6,17,16,27,19,32,20,12,5,2
12/08/2023 20:08:49,Orlando Robinson,126,MIA,22,31,18,13,425.1,116,47,89,0,6,22,31,48,78,25,16,12,12
12/08/2023 20:09:29,Kira Lewis Jr.,33,NOP,22,25,11,14,234.8,114,40,88,15,34,19,22,5,28,23,10,10,2
12/08/2023 20:10:10,McKinley Wright IV,47,DAL,24,27,14,13,335,114,46,98,9,28,13,19,9,38,58,19,8,5
12/08/2023 20:10:50,Robin Lopez,51,CLE,35,37,25,12,298.5,112,48,75,2,4,14,18,23,28,19,25,2,8
12/08/2023 20:11:31,Dominick Barlow,102,SAS,20,28,5,23,407.6,110,46,86,0,4,18,25,46,56,24,15,10,19
12/08/2023 20:12:12,Ish Smith,54,DEN,34,43,25,18,397.9,108,52,131,2,12,2,4,5,49,100,44,8,7
12/08/2023 20:12:52,Jake LaRavia,63,MEM,21,35,22,13,414.3,105,37,95,24,71,7,9,19,44,21,18,12,4
12/08/2023 20:13:32,Boban Marjanovic,60,HOU,34,31,7,24,171.1,102,41,60,0,1,20,27,20,40,9,14,5,2
12/08/2023 20:14:13,Gary Payton II,69,GSW,30,22,13,9,367.6,101,41,69,13,26,6,7,24,45,30,16,22,5
12/08/2023 20:14:53,Kessler Edwards,61,SAC,22,36,17,19,385.8,100,36,93,17,55,11,15,23,38,23,13,14,6
12/08/2023 20:15:34,Cody Zeller,64,MIA,30,15,6,9,216.6,98,37,59,0,2,24,35,25,39,10,14,3,4
13/08/2023 04:05:47,Kessler Edwards,61,SAC,22,36,17,19,385.8,100,36,93,17,55,11,15,23,38,23,13,14,6
13/08/2023 04:06:28,Cody Zeller,64,MIA,30,15,6,9,216.6,98,37,59,0,2,24,35,25,39,10,14,3,4
13/08/2023 04:07:08,Jamal Cain,52,MIA,24,18,10,8,240,98,37,66,7,20,17,22,15,37,12,6,11,1
13/08/2023 04:07:48,Theo Pinson,63,DAL,27,40,19,21,323,95,31,87,22,62,11,13,10,53,46,12,6,1
13/08/2023 04:08:29,Skylar Mays,19,POR,25,6,1,5,188.8,92,34,68,12,26,12,13,2,17,50,10,6,1
13/08/2023 04:09:10,Bryn Forbes,15,MIN,29,25,9,16,267.7,89,30,83,14,46,15,15,4,11,17,12,7,2
13/08/2023 04:09:50,Davon Reed,59,LAL,28,43,29,14,342.5,89,28,84,17,46,16,24,10,49,23,20,15,4
13/08/2023 04:10:31,Frank Kaminsky,52,HOU,30,36,13,23,234.9,89,31,63,13,33,14,16,7,45,32,9,6,4
13/08/2023 04:11:12,Terry Taylor,47,CHI,23,31,13,18,263.4,89,39,75,5,19,6,11,27,20,10,9,3,6
13/08/2023 04:11:53,Johnny Juzang,39,UTA,22,18,6,12,232.3,87,35,104,15,63,2,4,8,31,8,3,4,3
13/08/2023 04:12:34,Dalen Terry,37,CHI,20,38,19,19,213.9,85,32,72,7,27,14,21,12,25,22,8,11,5
13/08/2023 04:13:14,David Duke Jr.,29,BKN,23,23,10,13,228,85,36,78,1,12,12,17,11,18,21,18,10,1
13/08/2023 04:13:55,Nikola Jovic,31,MIA,20,15,7,8,204.5,82,28,69,8,35,18,19,9,22,10,10,7,2
13/08/2023 04:14:36,Kennedy Chandler,38,MEM,20,36,22,14,281.5,78,35,83,2,15,6,13,9,29,58,18,12,5
13/08/2023 04:15:18,Peyton Watson,37,DEN,20,23,13,10,186.1,75,29,59,6,14,11,20,8,29,11,8,2,11
13/08/2023 04:15:59,Kemba Walker,16,DAL,33,9,5,4,143.9,72,24,57,7,28,17,21,3,13,19,4,2,2
13/08/2023 04:16:39,Luka Samanic,30,UTA,23,7,2,5,160.8,69,26,57,8,31,9,13,0,30,15,10,6,2
13/08/2023 04:17:20,Serge Ibaka,44,MIL,33,16,11,5,185.4,66,26,54,6,18,8,13,15,29,4,11,2,7
13/08/2023 04:18:01,Danny Green,14,CLE,36,11,6,5,138.7,61,22,49,16,37,1,1,3,11,6,10,6,3
13/08/2023 04:18:42,Jeff Dowtin Jr.,23,TOR,26,25,17,8,258.7,61,25,57,5,16,6,9,6,17,31,5,9,3
13/08/2023 04:19:22,Moussa Diabate,50,LAC,21,22,10,12,195.5,59,24,47,1,2,10,16,31,19,4,9,7,8
13/08/2023 04:20:04,Mamadi Diakite,30,CLE,26,22,15,7,175.9,57,24,50,7,21,2,2,8,22,8,12,4,9
13/08/2023 04:20:45,A.J. Lawson,21,DAL,22,15,5,10,108.3,56,22,44,10,25,2,8,6,15,2,3,2,0
13/08/2023 04:21:26,Quenton Jackson,8,WAS,24,9,3,6,134.6,56,19,42,1,12,17,22,2,6,15,4,4,1
13/08/2023 04:22:06,Jonathan Isaac,44,ORL,25,11,8,3,124,55,22,53,6,15,5,9,15,29,6,4,14,4
13/08/2023 04:22:48,Jeenathan Williams,15,POR,24,5,1,4,126.6,53,24,39,3,8,2,3,10,5,10,4,3,2
13/08/2023 04:23:29,Trent Forrest,37,ATL,25,23,9,14,277,52,25,60,0,2,2,3,5,32,38,15,7,2
13/08/2023 04:24:09,James Johnson,30,IND,36,18,7,11,162.4,51,22,49,3,15,4,8,4,26,15,8,7,6
13/08/2023 04:24:51,Jay Huff,21,WAS,25,7,2,5,94.9,51,15,25,6,12,15,16,6,15,10,5,3,4
13/08/2023 04:25:32,Thanasis Antetokounmpo,44,MIL,30,37,25,12,206.2,51,20,46,0,8,11,22,15,29,15,12,3,3
13/08/2023 04:26:14,Garrett Temple,17,NOP,37,25,16,9,161.8,50,18,45,11,26,3,4,5,12,13,4,9,2
13/08/2023 04:26:55,Lindell Wigginton,7,MIL,25,7,4,3,86.7,50,18,37,6,18,8,9,0,7,14,12,0,2
13/08/2023 04:27:36,Daniel Theis,22,IND,31,7,1,6,108.8,49,21,44,2,11,5,12,7,15,9,3,2,6
13/08/2023 04:28:17,Matthew Dellavedova,13,SAC,32,32,19,13,212.8,47,17,50,9,27,4,7,1,12,41,10,7,0
13/08/2023 04:29:00,Josh Minott,25,MIN,20,15,7,8,96.2,46,18,36,2,6,8,8,5,20,5,3,4,6
13/08/2023 04:29:41,KZ Okpala,34,SAC,24,35,19,16,248,46,16,38,7,21,7,8,7,27,13,7,7,7
13/08/2023 04:30:21,Jared Rhoden,37,DET,23,14,2,12,197.9,45,17,44,5,20,6,6,11,26,4,3,4,1
13/08/2023 04:31:02,John Butler Jr.,17,POR,20,19,4,15,221.1,45,17,53,8,35,3,4,3,14,11,1,7,9
13/08/2023 04:31:43,Dru Smith,24,BKN,25,15,7,8,158.4,44,18,45,5,19,3,3,2,22,22,3,10,4
13/08/2023 04:32:23,Jarrett Culver,38,ATL,24,10,5,5,136.9,44,17,43,1,12,9,13,10,28,6,7,6,2
13/08/2023 04:33:04,Otto Porter Jr.,19,TOR,30,8,4,4,146.3,44,15,30,6,17,8,8,6,13,8,4,11,0
13/08/2023 04:33:45,Shaquille Harrison,22,LAL,29,5,1,4,119.9,44,15,36,3,10,11,15,1,21,30,6,11,2
13/08/2023 04:34:26,Alex Len,60,SAC,30,26,15,11,161.2,43,16,30,0,2,11,16,24,36,12,16,4,11
13/08/2023 04:35:07,Khem Birch,25,SAS,30,20,9,11,161.8,43,19,32,1,2,4,5,8,17,7,8,5,5
13/08/2023 04:35:49,Meyers Leonard,34,MIL,31,9,6,3,113.7,43,14,29,7,18,8,9,12,22,1,6,2,0
13/08/2023 04:36:30,Jaden Springer,14,PHI,20,16,13,3,89.3,42,17,35,2,5,6,8,6,8,8,3,7,3
13/08/2023 04:37:11,Wendell Moore Jr.,18,MIN,21,29,16,13,152.7,42,18,43,2,17,4,5,4,14,18,8,8,5
13/08/2023 04:37:52,Jason Preston,22,LAC,23,14,4,10,123.8,41,18,41,5,18,0,2,2,20,27,10,2,0
13/08/2023 04:38:33,Omer Yurtseven,23,MIA,25,9,5,4,83.2,40,16,27,3,7,5,6,8,15,2,4,2,2
13/08/2023 04:39:15,Xavier Cooks,38,WAS,27,10,2,8,125.8,38,17,28,0,1,4,10,16,22,6,8,6,4
13/08/2023 04:39:56,Jared Butler,4,OKC,22,6,3,3,76.5,37,15,32,7,14,0,0,1,3,8,5,5,0
13/08/2023 04:40:37,Olivier Sarr,31,OKC,24,9,5,4,113.6,36,15,30,1,8,5,7,12,19,4,4,1,5
13/08/2023 04:41:18,Vit Krejci,26,ATL,23,29,15,14,165.4,36,15,37,5,21,1,2,6,20,17,5,5,1
13/08/2023 04:41:58,Cody Martin,24,CHA,27,7,2,5,133.7,35,14,36,3,14,4,7,8,16,11,2,4,1
13/08/2023 04:42:41,Nerlens Noel,46,BKN,29,17,4,13,194.7,35,13,36,1,2,8,12,10,36,10,13,16,10
13/08/2023 04:43:22,Isaiah Mobley,20,CLE,23,12,8,4,84.2,31,12,28,3,8,4,4,4,16,3,1,4,3
13/08/2023 04:44:04,Vince Williams Jr.,15,MEM,22,15,7,8,104.6,30,12,40,4,28,2,2,4,11,4,5,6,2
13/08/2023 04:44:45,Greg Brown III,19,POR,21,16,10,6,93.1,28,11,28,1,7,5,12,2,17,3,6,4,5
13/08/2023 04:45:27,Jordan Hall,12,SAS,21,9,1,8,82.7,28,9,28,3,15,7,9,3,9,11,7,1,0
13/08/2023 04:46:08,Joshua Primo,13,SAS,20,4,3,1,93.4,28,9,26,3,12,7,9,2,11,18,11,1,2
13/08/2023 04:46:49,Udonis Haslem,11,MIA,43,7,4,3,72.1,27,10,29,3,9,4,5,4,7,0,1,1,2
13/08/2023 04:47:30,Ryan Arcidiacono,15,POR,29,20,9,11,172.4,26,9,37,8,23,0,0,0,15,23,7,5,0
13/08/2023 04:48:10,Mac McClung,10,PHI,24,2,2,0,41.1,25,9,20,4,11,3,5,3,7,9,3,0,0
13/08/2023 04:48:51,Noah Vonleh,48,BOS,27,23,17,6,171.6,25,11,24,1,4,2,2,18,30,7,11,2,8
13/08/2023 04:49:32,Sam Merrill,9,CLE,27,5,4,1,58.5,25,9,22,5,18,2,2,0,9,5,0,4,0
13/08/2023 04:50:13,Gabe York,6,IND,29,3,1,2,55.8,24,8,21,6,18,2,2,0,6,5,0,2,0
13/08/2023 04:50:53,Keon Ellis,8,SAC,23,16,7,9,70.9,24,7,16,6,12,4,7,4,4,6,1,5,1
13/08/2023 04:51:34,Micah Potter,16,UTA,25,7,4,3,52.4,24,10,15,4,7,0,0,3,13,4,2,1,0
13/08/2023 04:52:15,Ryan Rollins,12,GSW,20,12,5,7,62.1,23,7,20,3,9,6,6,3,9,6,16,1,1
13/08/2023 04:52:56,Jarrell Brantley,6,UTA,27,4,0,4,39,22,8,14,4,9,2,2,1,5,3,2,0,2
13/08/2023 04:53:39,PJ Dozier,14,SAC,26,16,11,5,79.3,22,10,33,2,16,0,0,1,13,10,5,6,1
13/08/2023 04:54:21,Jack White,17,DEN,25,17,13,4,66,21,8,19,3,9,2,3,6,11,4,2,3,2
13/08/2023 04:55:03,Trevelin Queen,17,IND,26,7,2,5,70,21,7,29,2,15,5,5,8,9,6,7,2,5
13/08/2023 04:55:45,Tyrese Martin,12,ATL,24,16,10,6,65.5,21,9,23,1,7,2,2,5,7,2,2,1,0
13/08/2023 04:56:25,Carlik Jones,5,CHI,25,7,4,3,56,20,6,15,3,6,5,8,1,4,6,2,2,0
13/08/2023 04:57:06,Justin Jackson,17,BOS,28,23,15,8,107.4,20,7,27,5,20,1,2,2,15,9,2,4,4
13/08/2023 04:57:47,Louis King,4,PHI,24,1,1,0,28.8,20,8,13,4,8,0,1,2,2,2,2,1,0
13/08/2023 04:58:31,Ron Harper Jr.,7,TOR,23,9,6,3,47.5,20,8,16,3,9,1,1,3,4,4,0,0,1
13/08/2023 04:59:17,JD Davison,9,BOS,20,12,11,1,65.7,19,8,19,2,7,1,2,2,7,11,4,2,2
13/08/2023 05:00:08,Tony Bradley,11,CHI,25,12,5,7,33.4,19,6,12,3,5,4,4,1,10,1,1,1,1
13/08/2023 05:00:51,Andre Iguodala,17,GSW,39,8,3,5,112.6,17,7,15,1,9,2,3,3,14,19,9,4,3
13/08/2023 05:01:32,Justin Minaya,15,POR,24,4,0,4,88.8,17,7,23,3,12,0,1,3,12,4,4,2,5
13/08/2023 05:02:12,Michael Carter-Williams,5,ORL,31,4,1,3,44.5,17,6,14,1,3,4,7,1,4,7,4,1,1
13/08/2023 05:02:54,Xavier Sneed,5,CHA,25,4,0,4,48.2,17,5,10,3,6,4,4,0,5,5,3,0,1
13/08/2023 05:03:35,Buddy Boeheim,6,DET,23,10,2,8,90.1,16,5,27,4,25,2,2,2,4,4,0,2,0
13/08/2023 05:04:15,RaiQuan Gray,9,BKN,23,1,0,1,35.1,16,6,12,2,5,2,2,3,6,7,4,0,1
13/08/2023 05:04:56,Darius Days,6,HOU,23,4,0,4,25,15,5,12,3,10,2,2,1,5,1,0,0,1
13/08/2023 05:05:37,Jamaree Bouyea,6,WAS,24,5,2,3,70.5,15,6,14,2,6,1,2,1,5,4,4,4,2
13/08/2023 05:06:18,Scotty Pippen Jr.,4,LAL,22,6,1,5,31.5,14,4,12,1,3,5,9,2,2,2,2,2,1
13/08/2023 05:06:58,Jay Scrubb,6,ORL,22,2,1,1,30.1,13,5,7,2,2,1,2,0,6,1,3,2,0
13/08/2023 05:07:38,Neemias Queta,11,SAC,23,5,1,4,28.7,12,6,9,0,0,0,2,5,6,1,1,0,2
13/08/2023 05:08:18,Justin Champagnie,8,BOS,22,5,4,1,34.3,11,5,15,1,5,0,0,3,5,4,0,1,0
13/08/2023 05:08:59,Facundo Campazzo,2,DAL,32,8,2,6,52.2,10,3,13,3,11,1,2,0,2,9,3,6,0
13/08/2023 05:09:39,Lester Quinones,3,GSW,22,4,4,0,18.1,10,2,5,2,4,4,6,1,2,2,5,1,0
13/08/2023 05:10:20,Cole Swider,7,LAL,24,7,2,5,41.1,9,3,9,3,8,0,0,1,6,4,0,0,0
13/08/2023 05:11:00,Isaiah Todd,12,WAS,21,6,2,4,61.4,9,3,19,1,10,2,2,2,10,4,2,1,0
13/08/2023 05:11:42,Joe Wieskamp,4,TOR,23,9,6,3,49.7,9,3,14,3,12,0,0,0,4,3,1,0,0
13/08/2023 05:12:26,Kendall Brown,6,IND,20,6,1,5,40.3,9,4,7,0,1,1,2,2,4,3,2,4,0
13/08/2023 05:13:07,Trevor Hudgins,0,HOU,24,5,0,5,28.3,9,2,9,2,8,3,3,0,0,3,1,0,0
13/08/2023 05:13:48,Tyler Dorsey,2,DAL,27,3,2,1,8.3,9,4,5,1,2,0,0,1,1,0,0,0,0
13/08/2023 05:14:30,Alize Johnson,10,SAS,27,4,1,3,29.5,7,3,6,0,2,1,2,2,8,1,4,1,0
13/08/2023 05:15:21,Chance Comanche,3,POR,27,1,0,1,20.8,7,3,5,0,0,1,4,2,1,0,0,0,1
13/08/2023 05:16:02,Xavier Moon,3,LAC,28,4,2,2,19.6,7,3,9,1,3,0,0,0,3,5,1,0,0
13/08/2023 05:16:44,Leandro Bolmaro,7,UTA,22,14,8,6,68.5,6,3,20,0,4,0,0,4,3,7,7,3,1
13/08/2023 05:17:26,Marko Simonovic,2,CHI,23,7,3,4,19.6,6,2,7,1,4,1,2,1,1,0,0,0,0
13/08/2023 05:18:07,Mfiondu Kabengele,10,BOS,25,4,3,1,36.4,6,2,7,0,3,2,2,5,5,0,1,2,0
13/08/2023 05:18:48,Vernon Carey Jr.,11,UTA,22,11,8,3,28.5,6,2,8,0,0,2,2,3,8,3,2,2,2
13/08/2023 05:19:28,Dylan Windler,0,CLE,26,3,3,0,10.4,5,2,3,1,2,0,0,0,0,1,1,1,0
13/08/2023 05:20:09,Kobi Simmons,4,CHA,25,5,1,4,27.8,5,1,6,1,5,2,2,1,3,5,1,0,2
13/08/2023 05:20:50,Malcolm Hill,3,CHI,27,5,4,1,9.2,5,2,4,1,3,0,0,0,3,0,0,0,0
13/08/2023 05:21:30,Braxton Key,1,DET,26,3,0,3,9.1,4,1,1,0,0,2,2,0,1,0,0,0,0
13/08/2023 05:22:11,Dereon Seabron,1,NOP,23,5,2,3,11.6,4,2,5,0,0,0,0,1,0,0,0,0,0
13/08/2023 05:22:52,Donovan Williams,2,ATL,21,2,1,1,4.3,4,2,5,0,2,0,0,0,2,0,0,0,0
13/08/2023 05:23:33,Devon Dotson,10,WAS,23,6,1,5,53.1,3,1,10,1,4,0,0,6,4,8,3,5,0
13/08/2023 05:24:14,Jacob Gilyard,4,MEM,24,1,0,1,40.8,3,1,3,1,3,0,0,0,4,7,2,3,0
13/08/2023 05:24:54,Jordan Schakel,0,WAS,25,2,0,2,6.2,3,1,2,1,1,0,0,0,0,1,0,1,0
13/08/2023 05:25:35,Trevor Keels,2,NYK,19,3,3,0,8,3,1,4,1,4,0,0,0,2,0,0,0,0
13/08/2023 05:26:16,Chima Moneke,2,SAC,27,2,1,1,7.9,2,1,2,0,0,0,2,2,0,1,2,0,0
13/08/2023 05:26:58,Chris Silva,0,DAL,26,1,1,0,3,2,1,1,0,0,0,0,0,0,0,1,0,0
13/08/2023 05:27:41,Stanley Umude,0,DET,24,1,0,1,2.1,2,0,1,0,1,2,2,0,0,0,0,1,1
13/08/2023 05:28:22,Alondes Williams,1,BKN,24,1,1,0,5.3,0,0,0,0,0,0,0,0,1,0,2,0,0
13/08/2023 05:29:04,Deonte Burton,0,SAC,29,2,1,1,6.5,0,0,2,0,1,0,0,0,0,0,0,0,0
13/08/2023 05:29:45,Frank Jackson,2,UTA,25,1,0,1,5,0,0,3,0,1,0,0,1,1,1,0,0,0
13/08/2023 05:30:26,Michael Foster Jr.,0,PHI,20,1,1,0,1,0,0,0,0,0,0,0,0,0,0,0,0,0
13/08/2023 05:31:07,Sterling Brown,8,LAL,28,4,2,2,24.4,0,0,4,0,2,0,0,3,5,2,0,3,0